IndicatorCode,Indicator,ValueType,ParentLocationCode,ParentLocation,Location type,SpatialDimValueCode,Location,Period type,Period,IsLatestYear,Dim1 type,Dim1,Dim1ValueCode,Dim2 type,Dim2,Dim2ValueCode,Dim3 type,Dim3,Dim3ValueCode,DataSourceDimValueCode,DataSource,FactValueNumericPrefix,FactValueNumeric,FactValueUoM,FactValueNumericLowPrefix,FactValueNumericLow,FactValueNumericHighPrefix,FactValueNumericHigh,Value,FactValueTranslationID,FactComments,Language,DateModified
SA_0000001688,"Alcohol, total per capita (15+) consumption (in litres of pure alcohol) (SDG Indicator 3.5.2)",text,SEAR,South-East Asia,Country,BGD,Bangladesh,Year,2019,true,Sex,Both sexes,BTSX,,,,,,,,,,0,,,0,,0,0 [0 – 0],,,EN,2021-09-19T17:00:00.000Z
SA_0000001688,"Alcohol, total per capita (15+) consumption (in litres of pure alcohol) (SDG Indicator 3.5.2)",text,EMR,Eastern Mediterranean,Country,KWT,Kuwait,Year,2019,true,Sex,Both sexes,BTSX,,,,,,,,,,0,,,0,,0,0 [0 – 0],,,EN,2021-09-19T17:00:00.000Z
SA_0000001688,"Alcohol, total per capita (15+) consumption (in litres of pure alcohol) (SDG Indicator 3.5.2)",text,AFR,Africa,Country,MRT,Mauritania,Year,2019,true,Sex,Both sexes,BTSX,,,,,,,,,,0,,,0,,0,0 [0 – 0],,,EN,2021-09-19T17:00:00.000Z
SA_0000001688,"Alcohol, total per capita (15+) consumption (in litres of pure alcohol) (SDG Indicator 3.5.2)",text,EMR,Eastern Mediterranean,Country,SAU,Saudi Arabia,Year,2019,true,Sex,Both sexes,BTSX,,,,,,,,,,0,,,0,,0,0 [0 – 0],,,EN,2021-09-19T17:00:00.000Z
SA_0000001688,"Alcohol, total per capita (15+) consumption (in litres of pure alcohol) (SDG Indicator 3.5.2)",text,EMR,Eastern Mediterranean,Country,SOM,Somalia,Year,2019,true,Sex,Both sexes,BTSX,,,,,,,,,,0,,,0,,0,0 [0 – 0],,,EN,2021-09-19T17:00:00.000Z
SA_0000001688,"Alcohol, total per capita (15+) consumption (in litres of pure alcohol) (SDG Indicator 3.5.2)",text,EMR,Eastern Mediterranean,Country,AFG,Afghanistan,Year,2019,true,Sex,Both sexes,BTSX,,,,,,,,,,0.013,,,0.009,,0.056,0.013 [0.009 – 0.056],,,EN,2021-09-19T17:00:00.000Z
SA_0000001688,"Alcohol, total per capita (15+) consumption (in litres of pure alcohol) (SDG Indicator 3.5.2)",text,EMR,Eastern Mediterranean,Country,LBY,Libya,Year,2019,true,Sex,Both sexes,BTSX,,,,,,,,,,0.027,,,0.0001,,0.17,0.027 [0.000 1 – 0.17],,,EN,2021-09-19T17:00:00.000Z
SA_0000001688,"Alcohol, total per capita (15+) consumption (in litres of pure alcohol) (SDG Indicator 3.5.2)",text,EMR,Eastern Mediterranean,Country,YEM,Yemen,Year,2019,true,Sex,Both sexes,BTSX,,,,,,,,,,0.034,,,0.011,,0.14,0.034 [0.011 – 0.14],,,EN,2021-09-19T17:00:00.000Z
SA_0000001688,"Alcohol, total per capita (15+) consumption (in litres of pure alcohol) (SDG Indicator 3.5.2)",text,EMR,Eastern Mediterranean,Country,EGY,Egypt,Year,2019,true,Sex,Both sexes,BTSX,,,,,,,,,,0.14,,,0.099,,0.22,0.14 [0.099 – 0.22],,,EN,2021-09-19T17:00:00.000Z
SA_0000001688,"Alcohol, total per capita (15+) consumption (in litres of pure alcohol) (SDG Indicator 3.5.2)",text,EMR,Eastern Mediterranean,Country,SYR,Syrian Arab Republic,Year,2019,true,Sex,Both sexes,BTSX,,,,,,,,,,0.19,,,0.11,,0.39,0.19 [0.11 – 0.39],,,EN,2021-09-19T17:00:00.000Z
SA_0000001688,"Alcohol, total per capita (15+) consumption (in litres of pure alcohol) (SDG Indicator 3.5.2)",text,SEAR,South-East Asia,Country,BTN,Bhutan,Year,2019,true,Sex,Both sexes,BTSX,,,,,,,,,,0.21,,,0.06,,0.5,0.21 [0.06 – 0.5],,,EN,2021-09-19T17:00:00.000Z
SA_0000001688,"Alcohol, total per capita (15+) consumption (in litres of pure alcohol) (SDG Indicator 3.5.2)",text,SEAR,South-East Asia,Country,IDN,Indonesia,Year,2019,true,Sex,Both sexes,BTSX,,,,,,,,,,0.22,,,0.091,,0.5,0.22 [0.091 – 0.5],,,EN,2021-09-19T17:00:00.000Z
SA_0000001688,"Alcohol, total per capita (15+) consumption (in litres of pure alcohol) (SDG Indicator 3.5.2)",text,EMR,Eastern Mediterranean,Country,PAK,Pakistan,Year,2019,true,Sex,Both sexes,BTSX,,,,,,,,,,0.31,,,0.064,,0.72,0.31 [0.064 – 0.72],,,EN,2021-09-19T17:00:00.000Z
SA_0000001688,"Alcohol, total per capita (15+) consumption (in litres of pure alcohol) (SDG Indicator 3.5.2)",text,EMR,Eastern Mediterranean,Country,DJI,Djibouti,Year,2019,true,Sex,Both sexes,BTSX,,,,,,,,,,0.36,,,0.24,,0.63,0.36 [0.24 – 0.63],,,EN,2021-09-19T17:00:00.000Z
SA_0000001688,"Alcohol, total per capita (15+) consumption (in litres of pure alcohol) (SDG Indicator 3.5.2)",text,EMR,Eastern Mediterranean,Country,IRQ,Iraq,Year,2019,true,Sex,Both sexes,BTSX,,,,,,,,,,0.37,,,0.18,,0.69,0.37 [0.18 – 0.69],,,EN,2021-09-19T17:00:00.000Z
SA_0000001688,"Alcohol, total per capita (15+) consumption (in litres of pure alcohol) (SDG Indicator 3.5.2)",text,WPR,Western Pacific,Country,TON,Tonga,Year,2019,true,Sex,Both sexes,BTSX,,,,,,,,,,0.43,,,0.21,,0.82,0.43 [0.21 – 0.82],,,EN,2021-09-19T17:00:00.000Z
SA_0000001688,"Alcohol, total per capita (15+) consumption (in litres of pure alcohol) (SDG Indicator 3.5.2)",text,WPR,Western Pacific,Country,BRN,Brunei Darussalam,Year,2019,true,Sex,Both sexes,BTSX,,,,,,,,,,0.46,,,0.15,,0.97,0.46 [0.15 – 0.97],,,EN,2021-09-19T17:00:00.000Z
SA_0000001688,"Alcohol, total per capita (15+) consumption (in litres of pure alcohol) (SDG Indicator 3.5.2)",text,EMR,Eastern Mediterranean,Country,MAR,Morocco,Year,2019,true,Sex,Both sexes,BTSX,,,,,,,,,,0.49,,,0.36,,0.75,0.49 [0.36 – 0.75],,,EN,2021-09-19T17:00:00.000Z
SA_0000001688,"Alcohol, total per capita (15+) consumption (in litres of pure alcohol) (SDG Indicator 3.5.2)",text,AFR,Africa,Country,NER,Niger,Year,2019,true,Sex,Both sexes,BTSX,,,,,,,,,,0.52,,,0.2,,1.05,0.52 [0.2 – 1.05],,,EN,2021-09-19T17:00:00.000Z
SA_0000001688,"Alcohol, total per capita (15+) consumption (in litres of pure alcohol) (SDG Indicator 3.5.2)",text,EMR,Eastern Mediterranean,Country,JOR,Jordan,Year,2019,true,Sex,Both sexes,BTSX,,,,,,,,,,0.52,,,0.23,,0.98,0.52 [0.23 – 0.98],,,EN,2021-09-19T17:00:00.000Z
SA_0000001688,"Alcohol, total per capita (15+) consumption (in litres of pure alcohol) (SDG Indicator 3.5.2)",text,SEAR,South-East Asia,Country,TLS,Timor-Leste,Year,2019,true,Sex,Both sexes,BTSX,,,,,,,,,,0.53,,,0.4,,0.83,0.53 [0.4 – 0.83],,,EN,2021-09-19T17:00:00.000Z
SA_0000001688,"Alcohol, total per capita (15+) consumption (in litres of pure alcohol) (SDG Indicator 3.5.2)",text,SEAR,South-East Asia,Country,NPL,Nepal,Year,2019,true,Sex,Both sexes,BTSX,,,,,,,,,,0.62,,,0.37,,1.02,0.62 [0.37 – 1.02],,,EN,2021-09-19T17:00:00.000Z
SA_0000001688,"Alcohol, total per capita (15+) consumption (in litres of pure alcohol) (SDG Indicator 3.5.2)",text,AFR,Africa,Country,DZA,Algeria,Year,2019,true,Sex,Both sexes,BTSX,,,,,,,,,,0.63,,,0.54,,0.83,0.63 [0.54 – 0.83],,,EN,2021-09-19T17:00:00.000Z
SA_0000001688,"Alcohol, total per capita (15+) consumption (in litres of pure alcohol) (SDG Indicator 3.5.2)",text,AFR,Africa,Country,SEN,Senegal,Year,2019,true,Sex,Both sexes,BTSX,,,,,,,,,,0.73,,,0.32,,1.34,0.73 [0.32 – 1.34],,,EN,2021-09-19T17:00:00.000Z
SA_0000001688,"Alcohol, total per capita (15+) consumption (in litres of pure alcohol) (SDG Indicator 3.5.2)",text,EUR,Europe,Country,TJK,Tajikistan,Year,2019,true,Sex,Both sexes,BTSX,,,,,,,,,,0.88,,,0.74,,1.03,0.88 [0.74 – 1.03],,,EN,2021-09-19T17:00:00.000Z
SA_0000001688,"Alcohol, total per capita (15+) consumption (in litres of pure alcohol) (SDG Indicator 3.5.2)",text,EMR,Eastern Mediterranean,Country,OMN,Oman,Year,2019,true,Sex,Both sexes,BTSX,,,,,,,,,,0.92,,,0.56,,1.48,0.92 [0.56 – 1.48],,,EN,2021-09-19T17:00:00.000Z
SA_0000001688,"Alcohol, total per capita (15+) consumption (in litres of pure alcohol) (SDG Indicator 3.5.2)",text,WPR,Western Pacific,Country,MYS,Malaysia,Year,2019,true,Sex,Both sexes,BTSX,,,,,,,,,,0.93,,,0.59,,1.42,0.93 [0.59 – 1.42],,,EN,2021-09-19T17:00:00.000Z
SA_0000001688,"Alcohol, total per capita (15+) consumption (in litres of pure alcohol) (SDG Indicator 3.5.2)",text,EUR,Europe,Country,AZE,Azerbaijan,Year,2019,true,Sex,Both sexes,BTSX,,,,,,,,,,0.98,,,0.79,,1.25,0.98 [0.79 – 1.25],,,EN,2021-09-19T17:00:00.000Z
SA_0000001688,"Alcohol, total per capita (15+) consumption (in litres of pure alcohol) (SDG Indicator 3.5.2)",text,EMR,Eastern Mediterranean,Country,IRN,Iran (Islamic Republic of),Year,2019,true,Sex,Both sexes,BTSX,,,,,,,,,,1.01,,,0.38,,1.8,1.01 [0.38 – 1.8],,,EN,2021-09-19T17:00:00.000Z
SA_0000001688,"Alcohol, total per capita (15+) consumption (in litres of pure alcohol) (SDG Indicator 3.5.2)",text,AFR,Africa,Country,GIN,Guinea,Year,2019,true,Sex,Both sexes,BTSX,,,,,,,,,,1.09,,,0.53,,1.75,1.09 [0.53 – 1.75],,,EN,2021-09-19T17:00:00.000Z
SA_0000001688,"Alcohol, total per capita (15+) consumption (in litres of pure alcohol) (SDG Indicator 3.5.2)",text,AFR,Africa,Country,COD,Democratic Republic of the Congo,Year,2019,true,Sex,Both sexes,BTSX,,,,,,,,,,1.1,,,0.66,,1.72,1.1 [0.66 – 1.72],,,EN,2021-09-19T17:00:00.000Z
SA_0000001688,"Alcohol, total per capita (15+) consumption (in litres of pure alcohol) (SDG Indicator 3.5.2)",text,EMR,Eastern Mediterranean,Country,BHR,Bahrain,Year,2019,true,Sex,Both sexes,BTSX,,,,,,,,,,1.13,,,0.9,,1.5,1.13 [0.9 – 1.5],,,EN,2021-09-19T17:00:00.000Z
SA_0000001688,"Alcohol, total per capita (15+) consumption (in litres of pure alcohol) (SDG Indicator 3.5.2)",text,AFR,Africa,Country,COM,Comoros,Year,2019,true,Sex,Both sexes,BTSX,,,,,,,,,,1.15,,,0.47,,1.9,1.15 [0.47 – 1.9],,,EN,2021-09-19T17:00:00.000Z
SA_0000001688,"Alcohol, total per capita (15+) consumption (in litres of pure alcohol) (SDG Indicator 3.5.2)",text,AFR,Africa,Country,TCD,Chad,Year,2019,true,Sex,Both sexes,BTSX,,,,,,,,,,1.26,,,0.75,,1.93,1.26 [0.75 – 1.93],,,EN,2021-09-19T17:00:00.000Z
SA_0000001688,"Alcohol, total per capita (15+) consumption (in litres of pure alcohol) (SDG Indicator 3.5.2)",text,AFR,Africa,Country,MLI,Mali,Year,2019,true,Sex,Both sexes,BTSX,,,,,,,,,,1.31,,,0.78,,2.01,1.31 [0.78 – 2.01],,,EN,2021-09-19T17:00:00.000Z
SA_0000001688,"Alcohol, total per capita (15+) consumption (in litres of pure alcohol) (SDG Indicator 3.5.2)",text,WPR,Western Pacific,Country,TUV,Tuvalu,Year,2019,true,Sex,Both sexes,BTSX,,,,,,,,,,1.31,,,0.97,,1.81,1.31 [0.97 – 1.81],,,EN,2021-09-19T17:00:00.000Z
SA_0000001688,"Alcohol, total per capita (15+) consumption (in litres of pure alcohol) (SDG Indicator 3.5.2)",text,EMR,Eastern Mediterranean,Country,QAT,Qatar,Year,2019,true,Sex,Both sexes,BTSX,,,,,,,,,,1.51,,,1.05,,2.12,1.51 [1.05 – 2.12],,,EN,2021-09-19T17:00:00.000Z
SA_0000001688,"Alcohol, total per capita (15+) consumption (in litres of pure alcohol) (SDG Indicator 3.5.2)",text,EMR,Eastern Mediterranean,Country,LBN,Lebanon,Year,2019,true,Sex,Both sexes,BTSX,,,,,,,,,,1.53,,,1.18,,2.03,1.53 [1.18 – 2.03],,,EN,2021-09-19T17:00:00.000Z
SA_0000001688,"Alcohol, total per capita (15+) consumption (in litres of pure alcohol) (SDG Indicator 3.5.2)",text,AMR,Americas,Country,GTM,Guatemala,Year,2019,true,Sex,Both sexes,BTSX,,,,,,,,,,1.63,,,1.4,,1.93,1.63 [1.4 – 1.93],,,EN,2021-09-19T17:00:00.000Z
SA_0000001688,"Alcohol, total per capita (15+) consumption (in litres of pure alcohol) (SDG Indicator 3.5.2)",text,AFR,Africa,Country,CAF,Central African Republic,Year,2019,true,Sex,Both sexes,BTSX,,,,,,,,,,1.71,,,1.13,,2.43,1.71 [1.13 – 2.43],,,EN,2021-09-19T17:00:00.000Z
SA_0000001688,"Alcohol, total per capita (15+) consumption (in litres of pure alcohol) (SDG Indicator 3.5.2)",text,WPR,Western Pacific,Country,SLB,Solomon Islands,Year,2019,true,Sex,Both sexes,BTSX,,,,,,,,,,1.74,,,1.23,,2.39,1.74 [1.23 – 2.39],,,EN,2021-09-19T17:00:00.000Z
SA_0000001688,"Alcohol, total per capita (15+) consumption (in litres of pure alcohol) (SDG Indicator 3.5.2)",text,EUR,Europe,Country,TUR,Türkiye,Year,2019,true,Sex,Both sexes,BTSX,,,,,,,,,,1.77,,,1.27,,2.41,1.77 [1.27 – 2.41],,,EN,2021-09-19T17:00:00.000Z
SA_0000001688,"Alcohol, total per capita (15+) consumption (in litres of pure alcohol) (SDG Indicator 3.5.2)",text,AFR,Africa,Country,MDG,Madagascar,Year,2019,true,Sex,Both sexes,BTSX,,,,,,,,,,1.98,,,1.25,,2.83,1.98 [1.25 – 2.83],,,EN,2021-09-19T17:00:00.000Z
SA_0000001688,"Alcohol, total per capita (15+) consumption (in litres of pure alcohol) (SDG Indicator 3.5.2)",text,WPR,Western Pacific,Country,JPN,Japan,Year,2019,true,Sex,Both sexes,BTSX,,,,,,,,,,10.09,,,8.56,,11.7,10.09 [8.56 – 11.7],,,EN,2021-09-19T17:00:00.000Z
SA_0000001688,"Alcohol, total per capita (15+) consumption (in litres of pure alcohol) (SDG Indicator 3.5.2)",text,EUR,Europe,Country,DNK,Denmark,Year,2019,true,Sex,Both sexes,BTSX,,,,,,,,,,10.13,,,8.6,,11.69,10.13 [8.6 – 11.69],,,EN,2021-09-19T17:00:00.000Z
SA_0000001688,"Alcohol, total per capita (15+) consumption (in litres of pure alcohol) (SDG Indicator 3.5.2)",text,WPR,Western Pacific,Country,AUS,Australia,Year,2019,true,Sex,Both sexes,BTSX,,,,,,,,,,10.36,,,9.02,,11.92,10.36 [9.02 – 11.92],,,EN,2021-09-19T17:00:00.000Z
SA_0000001688,"Alcohol, total per capita (15+) consumption (in litres of pure alcohol) (SDG Indicator 3.5.2)",text,AMR,Americas,Country,BRB,Barbados,Year,2019,true,Sex,Both sexes,BTSX,,,,,,,,,,10.37,,,8.49,,12.12,10.37 [8.49 – 12.12],,,EN,2021-09-19T17:00:00.000Z
SA_0000001688,"Alcohol, total per capita (15+) consumption (in litres of pure alcohol) (SDG Indicator 3.5.2)",text,EUR,Europe,Country,GRC,Greece,Year,2019,true,Sex,Both sexes,BTSX,,,,,,,,,,10.5,,,8.57,,12.38,10.5 [8.57 – 12.38],,,EN,2021-09-19T17:00:00.000Z
SA_0000001688,"Alcohol, total per capita (15+) consumption (in litres of pure alcohol) (SDG Indicator 3.5.2)",text,EUR,Europe,Country,RUS,Russian Federation,Year,2019,true,Sex,Both sexes,BTSX,,,,,,,,,,10.5,,,8.75,,12.19,10.5 [8.75 – 12.19],,,EN,2021-09-19T17:00:00.000Z
SA_0000001688,"Alcohol, total per capita (15+) consumption (in litres of pure alcohol) (SDG Indicator 3.5.2)",text,EUR,Europe,Country,FIN,Finland,Year,2019,true,Sex,Both sexes,BTSX,,,,,,,,,,10.65,,,9.17,,12.18,10.65 [9.17 – 12.18],,,EN,2021-09-19T17:00:00.000Z
SA_0000001688,"Alcohol, total per capita (15+) consumption (in litres of pure alcohol) (SDG Indicator 3.5.2)",text,WPR,Western Pacific,Country,NZL,New Zealand,Year,2019,true,Sex,Both sexes,BTSX,,,,,,,,,,10.69,,,9.3,,12.11,10.69 [9.3 – 12.11],,,EN,2021-09-19T17:00:00.000Z
SA_0000001688,"Alcohol, total per capita (15+) consumption (in litres of pure alcohol) (SDG Indicator 3.5.2)",text,EUR,Europe,Country,EST,Estonia,Year,2019,true,Sex,Both sexes,BTSX,,,,,,,,,,10.75,,,9.14,,12.64,10.75 [9.14 – 12.64],,,EN,2021-09-19T17:00:00.000Z
SA_0000001688,"Alcohol, total per capita (15+) consumption (in litres of pure alcohol) (SDG Indicator 3.5.2)",text,EUR,Europe,Country,CYP,Cyprus,Year,2019,true,Sex,Both sexes,BTSX,,,,,,,,,,10.8,,,9.12,,12.51,10.8 [9.12 – 12.51],,,EN,2021-09-19T17:00:00.000Z
SA_0000001688,"Alcohol, total per capita (15+) consumption (in litres of pure alcohol) (SDG Indicator 3.5.2)",text,EUR,Europe,Country,BEL,Belgium,Year,2019,true,Sex,Both sexes,BTSX,,,,,,,,,,10.8,,,9.31,,12.26,10.8 [9.31 – 12.26],,,EN,2021-09-19T17:00:00.000Z
SA_0000001688,"Alcohol, total per capita (15+) consumption (in litres of pure alcohol) (SDG Indicator 3.5.2)",text,WPR,Western Pacific,Country,COK,Cook Islands,Year,2019,true,Sex,Both sexes,BTSX,,,,,,,,,,10.94,,,8.86,,13.08,10.94 [8.86 – 13.08],,,EN,2021-09-19T17:00:00.000Z
SA_0000001688,"Alcohol, total per capita (15+) consumption (in litres of pure alcohol) (SDG Indicator 3.5.2)",text,EUR,Europe,Country,BLR,Belarus,Year,2019,true,Sex,Both sexes,BTSX,,,,,,,,,,10.96,,,9.59,,12.44,10.96 [9.59 – 12.44],,,EN,2021-09-19T17:00:00.000Z
SA_0000001688,"Alcohol, total per capita (15+) consumption (in litres of pure alcohol) (SDG Indicator 3.5.2)",text,AFR,Africa,Country,BFA,Burkina Faso,Year,2019,true,Sex,Both sexes,BTSX,,,,,,,,,,11.05,,,9.15,,12.9,11.05 [9.15 – 12.9],,,EN,2021-09-19T17:00:00.000Z
SA_0000001688,"Alcohol, total per capita (15+) consumption (in litres of pure alcohol) (SDG Indicator 3.5.2)",text,EUR,Europe,Country,SVK,Slovakia,Year,2019,true,Sex,Both sexes,BTSX,,,,,,,,,,11.06,,,9.45,,12.8,11.06 [9.45 – 12.8],,,EN,2021-09-19T17:00:00.000Z
SA_0000001688,"Alcohol, total per capita (15+) consumption (in litres of pure alcohol) (SDG Indicator 3.5.2)",text,EUR,Europe,Country,HUN,Hungary,Year,2019,true,Sex,Both sexes,BTSX,,,,,,,,,,11.07,,,9.42,,12.77,11.07 [9.42 – 12.77],,,EN,2021-09-19T17:00:00.000Z
SA_0000001688,"Alcohol, total per capita (15+) consumption (in litres of pure alcohol) (SDG Indicator 3.5.2)",text,EUR,Europe,Country,CHE,Switzerland,Year,2019,true,Sex,Both sexes,BTSX,,,,,,,,,,11.23,,,9.73,,12.89,11.23 [9.73 – 12.89],,,EN,2021-09-19T17:00:00.000Z
SA_0000001688,"Alcohol, total per capita (15+) consumption (in litres of pure alcohol) (SDG Indicator 3.5.2)",text,EUR,Europe,Country,GBR,United Kingdom of Great Britain and Northern Ireland,Year,2019,true,Sex,Both sexes,BTSX,,,,,,,,,,11.45,,,9.94,,12.98,11.45 [9.94 – 12.98],,,EN,2021-09-19T17:00:00.000Z
SA_0000001688,"Alcohol, total per capita (15+) consumption (in litres of pure alcohol) (SDG Indicator 3.5.2)",text,EUR,Europe,Country,POL,Poland,Year,2019,true,Sex,Both sexes,BTSX,,,,,,,,,,11.89,,,10.02,,13.81,11.89 [10.02 – 13.81],,,EN,2021-09-19T17:00:00.000Z
SA_0000001688,"Alcohol, total per capita (15+) consumption (in litres of pure alcohol) (SDG Indicator 3.5.2)",text,EUR,Europe,Country,AUT,Austria,Year,2019,true,Sex,Both sexes,BTSX,,,,,,,,,,11.93,,,10.27,,13.78,11.93 [10.27 – 13.78],,,EN,2021-09-19T17:00:00.000Z
SA_0000001688,"Alcohol, total per capita (15+) consumption (in litres of pure alcohol) (SDG Indicator 3.5.2)",text,AFR,Africa,Country,TZA,United Republic of Tanzania,Year,2019,true,Sex,Both sexes,BTSX,,,,,,,,,,12.04,,,9.93,,14.31,12.04 [9.93 – 14.31],,,EN,2021-09-19T17:00:00.000Z
SA_0000001688,"Alcohol, total per capita (15+) consumption (in litres of pure alcohol) (SDG Indicator 3.5.2)",text,WPR,Western Pacific,Country,LAO,Lao People's Democratic Republic,Year,2019,true,Sex,Both sexes,BTSX,,,,,,,,,,12.08,,,10.11,,14.06,12.08 [10.11 – 14.06],,,EN,2021-09-19T17:00:00.000Z
SA_0000001688,"Alcohol, total per capita (15+) consumption (in litres of pure alcohol) (SDG Indicator 3.5.2)",text,EUR,Europe,Country,PRT,Portugal,Year,2019,true,Sex,Both sexes,BTSX,,,,,,,,,,12.09,,,10.06,,14.03,12.09 [10.06 – 14.03],,,EN,2021-09-19T17:00:00.000Z
SA_0000001688,"Alcohol, total per capita (15+) consumption (in litres of pure alcohol) (SDG Indicator 3.5.2)",text,EUR,Europe,Country,SVN,Slovenia,Year,2019,true,Sex,Both sexes,BTSX,,,,,,,,,,12.11,,,10.25,,13.89,12.11 [10.25 – 13.89],,,EN,2021-09-19T17:00:00.000Z
SA_0000001688,"Alcohol, total per capita (15+) consumption (in litres of pure alcohol) (SDG Indicator 3.5.2)",text,EUR,Europe,Country,FRA,France,Year,2019,true,Sex,Both sexes,BTSX,,,,,,,,,,12.23,,,10.29,,14.16,12.23 [10.29 – 14.16],,,EN,2021-09-19T17:00:00.000Z
SA_0000001688,"Alcohol, total per capita (15+) consumption (in litres of pure alcohol) (SDG Indicator 3.5.2)",text,EUR,Europe,Country,MNE,Montenegro,Year,2019,true,Sex,Both sexes,BTSX,,,,,,,,,,12.24,,,10.48,,14.04,12.24 [10.48 – 14.04],,,EN,2021-09-19T17:00:00.000Z
SA_0000001688,"Alcohol, total per capita (15+) consumption (in litres of pure alcohol) (SDG Indicator 3.5.2)",text,EUR,Europe,Country,AND,Andorra,Year,2019,true,Sex,Both sexes,BTSX,,,,,,,,,,12.26,,,10.23,,14.14,12.26 [10.23 – 14.14],,,EN,2021-09-19T17:00:00.000Z
SA_0000001688,"Alcohol, total per capita (15+) consumption (in litres of pure alcohol) (SDG Indicator 3.5.2)",text,EUR,Europe,Country,ROU,Romania,Year,2019,true,Sex,Both sexes,BTSX,,,,,,,,,,12.34,,,10.58,,14.19,12.34 [10.58 – 14.19],,,EN,2021-09-19T17:00:00.000Z
SA_0000001688,"Alcohol, total per capita (15+) consumption (in litres of pure alcohol) (SDG Indicator 3.5.2)",text,EUR,Europe,Country,LUX,Luxembourg,Year,2019,true,Sex,Both sexes,BTSX,,,,,,,,,,12.45,,,10.65,,14.15,12.45 [10.65 – 14.15],,,EN,2021-09-19T17:00:00.000Z
SA_0000001688,"Alcohol, total per capita (15+) consumption (in litres of pure alcohol) (SDG Indicator 3.5.2)",text,EUR,Europe,Country,BGR,Bulgaria,Year,2019,true,Sex,Both sexes,BTSX,,,,,,,,,,12.46,,,10.74,,14.2,12.46 [10.74 – 14.2],,,EN,2021-09-19T17:00:00.000Z
SA_0000001688,"Alcohol, total per capita (15+) consumption (in litres of pure alcohol) (SDG Indicator 3.5.2)",text,AFR,Africa,Country,UGA,Uganda,Year,2019,true,Sex,Both sexes,BTSX,,,,,,,,,,12.48,,,10.31,,14.74,12.48 [10.31 – 14.74],,,EN,2021-09-19T17:00:00.000Z
SA_0000001688,"Alcohol, total per capita (15+) consumption (in litres of pure alcohol) (SDG Indicator 3.5.2)",text,EUR,Europe,Country,ESP,Spain,Year,2019,true,Sex,Both sexes,BTSX,,,,,,,,,,12.67,,,10.83,,14.51,12.67 [10.83 – 14.51],,,EN,2021-09-19T17:00:00.000Z
SA_0000001688,"Alcohol, total per capita (15+) consumption (in litres of pure alcohol) (SDG Indicator 3.5.2)",text,EUR,Europe,Country,IRL,Ireland,Year,2019,true,Sex,Both sexes,BTSX,,,,,,,,,,12.75,,,11.17,,14.5,12.75 [11.17 – 14.5],,,EN,2021-09-19T17:00:00.000Z
SA_0000001688,"Alcohol, total per capita (15+) consumption (in litres of pure alcohol) (SDG Indicator 3.5.2)",text,EUR,Europe,Country,LTU,Lithuania,Year,2019,true,Sex,Both sexes,BTSX,,,,,,,,,,12.78,,,10.95,,14.53,12.78 [10.95 – 14.53],,,EN,2021-09-19T17:00:00.000Z
SA_0000001688,"Alcohol, total per capita (15+) consumption (in litres of pure alcohol) (SDG Indicator 3.5.2)",text,EUR,Europe,Country,DEU,Germany,Year,2019,true,Sex,Both sexes,BTSX,,,,,,,,,,12.79,,,11.13,,14.54,12.79 [11.13 – 14.54],,,EN,2021-09-19T17:00:00.000Z
SA_0000001688,"Alcohol, total per capita (15+) consumption (in litres of pure alcohol) (SDG Indicator 3.5.2)",text,EUR,Europe,Country,MDA,Republic of Moldova,Year,2019,true,Sex,Both sexes,BTSX,,,,,,,,,,12.85,,,10.94,,14.98,12.85 [10.94 – 14.98],,,EN,2021-09-19T17:00:00.000Z
SA_0000001688,"Alcohol, total per capita (15+) consumption (in litres of pure alcohol) (SDG Indicator 3.5.2)",text,EUR,Europe,Country,LVA,Latvia,Year,2019,true,Sex,Both sexes,BTSX,,,,,,,,,,13.19,,,11.07,,15.32,13.19 [11.07 – 15.32],,,EN,2021-09-19T17:00:00.000Z
SA_0000001688,"Alcohol, total per capita (15+) consumption (in litres of pure alcohol) (SDG Indicator 3.5.2)",text,EUR,Europe,Country,CZE,Czechia,Year,2019,true,Sex,Both sexes,BTSX,,,,,,,,,,14.26,,,12.41,,16.43,14.26 [12.41 – 16.43],,,EN,2021-09-19T17:00:00.000Z
SA_0000001688,"Alcohol, total per capita (15+) consumption (in litres of pure alcohol) (SDG Indicator 3.5.2)",text,WPR,Western Pacific,Country,SGP,Singapore,Year,2019,true,Sex,Both sexes,BTSX,,,,,,,,,,2,,,1.61,,2.54,2 [1.61 – 2.54],,,EN,2021-09-19T17:00:00.000Z
SA_0000001688,"Alcohol, total per capita (15+) consumption (in litres of pure alcohol) (SDG Indicator 3.5.2)",text,EMR,Eastern Mediterranean,Country,TUN,Tunisia,Year,2019,true,Sex,Both sexes,BTSX,,,,,,,,,,2.04,,,1.41,,2.76,2.04 [1.41 – 2.76],,,EN,2021-09-19T17:00:00.000Z
SA_0000001688,"Alcohol, total per capita (15+) consumption (in litres of pure alcohol) (SDG Indicator 3.5.2)",text,WPR,Western Pacific,Country,VUT,Vanuatu,Year,2019,true,Sex,Both sexes,BTSX,,,,,,,,,,2.1,,,1.32,,2.96,2.1 [1.32 – 2.96],,,EN,2021-09-19T17:00:00.000Z
SA_0000001688,"Alcohol, total per capita (15+) consumption (in litres of pure alcohol) (SDG Indicator 3.5.2)",text,AFR,Africa,Country,ERI,Eritrea,Year,2019,true,Sex,Both sexes,BTSX,,,,,,,,,,2.11,,,1.34,,3,2.11 [1.34 – 3],,,EN,2021-09-19T17:00:00.000Z
SA_0000001688,"Alcohol, total per capita (15+) consumption (in litres of pure alcohol) (SDG Indicator 3.5.2)",text,WPR,Western Pacific,Country,PNG,Papua New Guinea,Year,2019,true,Sex,Both sexes,BTSX,,,,,,,,,,2.12,,,1.49,,2.86,2.12 [1.49 – 2.86],,,EN,2021-09-19T17:00:00.000Z
SA_0000001688,"Alcohol, total per capita (15+) consumption (in litres of pure alcohol) (SDG Indicator 3.5.2)",text,SEAR,South-East Asia,Country,MMR,Myanmar,Year,2019,true,Sex,Both sexes,BTSX,,,,,,,,,,2.14,,,1.75,,2.65,2.14 [1.75 – 2.65],,,EN,2021-09-19T17:00:00.000Z
SA_0000001688,"Alcohol, total per capita (15+) consumption (in litres of pure alcohol) (SDG Indicator 3.5.2)",text,AFR,Africa,Country,KEN,Kenya,Year,2019,true,Sex,Both sexes,BTSX,,,,,,,,,,2.15,,,1.73,,2.75,2.15 [1.73 – 2.75],,,EN,2021-09-19T17:00:00.000Z
SA_0000001688,"Alcohol, total per capita (15+) consumption (in litres of pure alcohol) (SDG Indicator 3.5.2)",text,AFR,Africa,Country,ETH,Ethiopia,Year,2019,true,Sex,Both sexes,BTSX,,,,,,,,,,2.2,,,1.45,,3.1,2.2 [1.45 – 3.1],,,EN,2021-09-19T17:00:00.000Z
SA_0000001688,"Alcohol, total per capita (15+) consumption (in litres of pure alcohol) (SDG Indicator 3.5.2)",text,AFR,Africa,Country,BEN,Benin,Year,2019,true,Sex,Both sexes,BTSX,,,,,,,,,,2.23,,,1.56,,2.99,2.23 [1.56 – 2.99],,,EN,2021-09-19T17:00:00.000Z
SA_0000001688,"Alcohol, total per capita (15+) consumption (in litres of pure alcohol) (SDG Indicator 3.5.2)",text,WPR,Western Pacific,Country,KIR,Kiribati,Year,2019,true,Sex,Both sexes,BTSX,,,,,,,,,,2.32,,,0.91,,3.66,2.32 [0.91 – 3.66],,,EN,2021-09-19T17:00:00.000Z
SA_0000001688,"Alcohol, total per capita (15+) consumption (in litres of pure alcohol) (SDG Indicator 3.5.2)",text,WPR,Western Pacific,Country,FSM,Micronesia (Federated States of),Year,2019,true,Sex,Both sexes,BTSX,,,,,,,,,,2.51,,,1.8,,3.28,2.51 [1.8 – 3.28],,,EN,2021-09-19T17:00:00.000Z
SA_0000001688,"Alcohol, total per capita (15+) consumption (in litres of pure alcohol) (SDG Indicator 3.5.2)",text,EUR,Europe,Country,UZB,Uzbekistan,Year,2019,true,Sex,Both sexes,BTSX,,,,,,,,,,2.61,,,2.14,,3.19,2.61 [2.14 – 3.19],,,EN,2021-09-19T17:00:00.000Z
SA_0000001688,"Alcohol, total per capita (15+) consumption (in litres of pure alcohol) (SDG Indicator 3.5.2)",text,AFR,Africa,Country,TGO,Togo,Year,2019,true,Sex,Both sexes,BTSX,,,,,,,,,,2.66,,,1.81,,3.51,2.66 [1.81 – 3.51],,,EN,2021-09-19T17:00:00.000Z
SA_0000001688,"Alcohol, total per capita (15+) consumption (in litres of pure alcohol) (SDG Indicator 3.5.2)",text,AFR,Africa,Country,MOZ,Mozambique,Year,2019,true,Sex,Both sexes,BTSX,,,,,,,,,,2.69,,,1.85,,3.58,2.69 [1.85 – 3.58],,,EN,2021-09-19T17:00:00.000Z
SA_0000001688,"Alcohol, total per capita (15+) consumption (in litres of pure alcohol) (SDG Indicator 3.5.2)",text,SEAR,South-East Asia,Country,MDV,Maldives,Year,2019,true,Sex,Both sexes,BTSX,,,,,,,,,,2.78,,,1.73,,3.89,2.78 [1.73 – 3.89],,,EN,2021-09-19T17:00:00.000Z
SA_0000001688,"Alcohol, total per capita (15+) consumption (in litres of pure alcohol) (SDG Indicator 3.5.2)",text,AFR,Africa,Country,GHA,Ghana,Year,2019,true,Sex,Both sexes,BTSX,,,,,,,,,,2.78,,,1.99,,3.72,2.78 [1.99 – 3.72],,,EN,2021-09-19T17:00:00.000Z
SA_0000001688,"Alcohol, total per capita (15+) consumption (in litres of pure alcohol) (SDG Indicator 3.5.2)",text,WPR,Western Pacific,Country,WSM,Samoa,Year,2019,true,Sex,Both sexes,BTSX,,,,,,,,,,2.82,,,2.03,,3.74,2.82 [2.03 – 3.74],,,EN,2021-09-19T17:00:00.000Z
SA_0000001688,"Alcohol, total per capita (15+) consumption (in litres of pure alcohol) (SDG Indicator 3.5.2)",text,SEAR,South-East Asia,Country,LKA,Sri Lanka,Year,2019,true,Sex,Both sexes,BTSX,,,,,,,,,,2.87,,,2.28,,3.62,2.87 [2.28 – 3.62],,,EN,2021-09-19T17:00:00.000Z
SA_0000001688,"Alcohol, total per capita (15+) consumption (in litres of pure alcohol) (SDG Indicator 3.5.2)",text,AMR,Americas,Country,HTI,Haiti,Year,2019,true,Sex,Both sexes,BTSX,,,,,,,,,,3.02,,,2.47,,3.62,3.02 [2.47 – 3.62],,,EN,2021-09-19T17:00:00.000Z
SA_0000001688,"Alcohol, total per capita (15+) consumption (in litres of pure alcohol) (SDG Indicator 3.5.2)",text,AFR,Africa,Country,CIV,Côte d’Ivoire,Year,2019,true,Sex,Both sexes,BTSX,,,,,,,,,,3.04,,,2.14,,4.01,3.04 [2.14 – 4.01],,,EN,2021-09-19T17:00:00.000Z
SA_0000001688,"Alcohol, total per capita (15+) consumption (in litres of pure alcohol) (SDG Indicator 3.5.2)",text,EUR,Europe,Country,TKM,Turkmenistan,Year,2019,true,Sex,Both sexes,BTSX,,,,,,,,,,3.09,,,2.74,,3.56,3.09 [2.74 – 3.56],,,EN,2021-09-19T17:00:00.000Z
SA_0000001688,"Alcohol, total per capita (15+) consumption (in litres of pure alcohol) (SDG Indicator 3.5.2)",text,AFR,Africa,Country,NAM,Namibia,Year,2019,true,Sex,Both sexes,BTSX,,,,,,,,,,3.15,,,2.57,,3.95,3.15 [2.57 – 3.95],,,EN,2021-09-19T17:00:00.000Z
SA_0000001688,"Alcohol, total per capita (15+) consumption (in litres of pure alcohol) (SDG Indicator 3.5.2)",text,AMR,Americas,Country,ECU,Ecuador,Year,2019,true,Sex,Both sexes,BTSX,,,,,,,,,,3.27,,,2.7,,3.96,3.27 [2.7 – 3.96],,,EN,2021-09-19T17:00:00.000Z
SA_0000001688,"Alcohol, total per capita (15+) consumption (in litres of pure alcohol) (SDG Indicator 3.5.2)",text,AFR,Africa,Country,GMB,Gambia,Year,2019,true,Sex,Both sexes,BTSX,,,,,,,,,,3.36,,,2.59,,4.31,3.36 [2.59 – 4.31],,,EN,2021-09-19T17:00:00.000Z
SA_0000001688,"Alcohol, total per capita (15+) consumption (in litres of pure alcohol) (SDG Indicator 3.5.2)",text,AMR,Americas,Country,VEN,Venezuela (Bolivarian Republic of),Year,2019,true,Sex,Both sexes,BTSX,,,,,,,,,,3.56,,,2.85,,4.39,3.56 [2.85 – 4.39],,,EN,2021-09-19T17:00:00.000Z
SA_0000001688,"Alcohol, total per capita (15+) consumption (in litres of pure alcohol) (SDG Indicator 3.5.2)",text,WPR,Western Pacific,Country,FJI,Fiji,Year,2019,true,Sex,Both sexes,BTSX,,,,,,,,,,3.68,,,2.75,,4.75,3.68 [2.75 – 4.75],,,EN,2021-09-19T17:00:00.000Z
SA_0000001688,"Alcohol, total per capita (15+) consumption (in litres of pure alcohol) (SDG Indicator 3.5.2)",text,EMR,Eastern Mediterranean,Country,ARE,United Arab Emirates,Year,2019,true,Sex,Both sexes,BTSX,,,,,,,,,,3.85,,,2.69,,5,3.85 [2.69 – 5],,,EN,2021-09-19T17:00:00.000Z
SA_0000001688,"Alcohol, total per capita (15+) consumption (in litres of pure alcohol) (SDG Indicator 3.5.2)",text,AMR,Americas,Country,BOL,Bolivia (Plurinational State of),Year,2019,true,Sex,Both sexes,BTSX,,,,,,,,,,3.91,,,3.09,,4.89,3.91 [3.09 – 4.89],,,EN,2021-09-19T17:00:00.000Z
SA_0000001688,"Alcohol, total per capita (15+) consumption (in litres of pure alcohol) (SDG Indicator 3.5.2)",text,AMR,Americas,Country,HND,Honduras,Year,2019,true,Sex,Both sexes,BTSX,,,,,,,,,,3.93,,,3,,4.92,3.93 [3 – 4.92],,,EN,2021-09-19T17:00:00.000Z
SA_0000001688,"Alcohol, total per capita (15+) consumption (in litres of pure alcohol) (SDG Indicator 3.5.2)",text,AMR,Americas,Country,CRI,Costa Rica,Year,2019,true,Sex,Both sexes,BTSX,,,,,,,,,,4.07,,,3.2,,5.02,4.07 [3.2 – 5.02],,,EN,2021-09-19T17:00:00.000Z
SA_0000001688,"Alcohol, total per capita (15+) consumption (in litres of pure alcohol) (SDG Indicator 3.5.2)",text,AFR,Africa,Country,MWI,Malawi,Year,2019,true,Sex,Both sexes,BTSX,,,,,,,,,,4.08,,,2.96,,5.34,4.08 [2.96 – 5.34],,,EN,2021-09-19T17:00:00.000Z
SA_0000001688,"Alcohol, total per capita (15+) consumption (in litres of pure alcohol) (SDG Indicator 3.5.2)",text,AMR,Americas,Country,SLV,El Salvador,Year,2019,true,Sex,Both sexes,BTSX,,,,,,,,,,4.09,,,3.24,,5.12,4.09 [3.24 – 5.12],,,EN,2021-09-19T17:00:00.000Z
SA_0000001688,"Alcohol, total per capita (15+) consumption (in litres of pure alcohol) (SDG Indicator 3.5.2)",text,SEAR,South-East Asia,Country,PRK,Democratic People's Republic of Korea,Year,2019,true,Sex,Both sexes,BTSX,,,,,,,,,,4.16,,,3.22,,5.12,4.16 [3.22 – 5.12],,,EN,2021-09-19T17:00:00.000Z
SA_0000001688,"Alcohol, total per capita (15+) consumption (in litres of pure alcohol) (SDG Indicator 3.5.2)",text,AMR,Americas,Country,JAM,Jamaica,Year,2019,true,Sex,Both sexes,BTSX,,,,,,,,,,4.16,,,3.29,,5.1,4.16 [3.29 – 5.1],,,EN,2021-09-19T17:00:00.000Z
SA_0000001688,"Alcohol, total per capita (15+) consumption (in litres of pure alcohol) (SDG Indicator 3.5.2)",text,WPR,Western Pacific,Country,NRU,Nauru,Year,2019,true,Sex,Both sexes,BTSX,,,,,,,,,,4.18,,,3.09,,5.28,4.18 [3.09 – 5.28],,,EN,2021-09-19T17:00:00.000Z
SA_0000001688,"Alcohol, total per capita (15+) consumption (in litres of pure alcohol) (SDG Indicator 3.5.2)",text,EUR,Europe,Country,ISR,Israel,Year,2019,true,Sex,Both sexes,BTSX,,,,,,,,,,4.38,,,3.41,,5.35,4.38 [3.41 – 5.35],,,EN,2021-09-19T17:00:00.000Z
SA_0000001688,"Alcohol, total per capita (15+) consumption (in litres of pure alcohol) (SDG Indicator 3.5.2)",text,AFR,Africa,Country,ZMB,Zambia,Year,2019,true,Sex,Both sexes,BTSX,,,,,,,,,,4.46,,,3.66,,5.33,4.46 [3.66 – 5.33],,,EN,2021-09-19T17:00:00.000Z
SA_0000001688,"Alcohol, total per capita (15+) consumption (in litres of pure alcohol) (SDG Indicator 3.5.2)",text,AFR,Africa,Country,ZWE,Zimbabwe,Year,2019,true,Sex,Both sexes,BTSX,,,,,,,,,,4.52,,,3.66,,5.6,4.52 [3.66 – 5.6],,,EN,2021-09-19T17:00:00.000Z
SA_0000001688,"Alcohol, total per capita (15+) consumption (in litres of pure alcohol) (SDG Indicator 3.5.2)",text,EUR,Europe,Country,ARM,Armenia,Year,2019,true,Sex,Both sexes,BTSX,,,,,,,,,,4.67,,,3.82,,5.73,4.67 [3.82 – 5.73],,,EN,2021-09-19T17:00:00.000Z
SA_0000001688,"Alcohol, total per capita (15+) consumption (in litres of pure alcohol) (SDG Indicator 3.5.2)",text,AFR,Africa,Country,MUS,Mauritius,Year,2019,true,Sex,Both sexes,BTSX,,,,,,,,,,4.78,,,3.39,,5.6,4.78 [3.39 – 5.6],,,EN,2021-09-19T17:00:00.000Z
SA_0000001688,"Alcohol, total per capita (15+) consumption (in litres of pure alcohol) (SDG Indicator 3.5.2)",text,AMR,Americas,Country,BHS,Bahamas,Year,2019,true,Sex,Both sexes,BTSX,,,,,,,,,,4.8,,,2.95,,6.72,4.8 [2.95 – 6.72],,,EN,2021-09-19T17:00:00.000Z
SA_0000001688,"Alcohol, total per capita (15+) consumption (in litres of pure alcohol) (SDG Indicator 3.5.2)",text,EUR,Europe,Country,KGZ,Kyrgyzstan,Year,2019,true,Sex,Both sexes,BTSX,,,,,,,,,,4.85,,,3.99,,5.92,4.85 [3.99 – 5.92],,,EN,2021-09-19T17:00:00.000Z
SA_0000001688,"Alcohol, total per capita (15+) consumption (in litres of pure alcohol) (SDG Indicator 3.5.2)",text,EUR,Europe,Country,KAZ,Kazakhstan,Year,2019,true,Sex,Both sexes,BTSX,,,,,,,,,,5,,,4.02,,6.13,5 [4.02 – 6.13],,,EN,2021-09-19T17:00:00.000Z
SA_0000001688,"Alcohol, total per capita (15+) consumption (in litres of pure alcohol) (SDG Indicator 3.5.2)",text,AMR,Americas,Country,MEX,Mexico,Year,2019,true,Sex,Both sexes,BTSX,,,,,,,,,,5.05,,,3.96,,6.28,5.05 [3.96 – 6.28],,,EN,2021-09-19T17:00:00.000Z
SA_0000001688,"Alcohol, total per capita (15+) consumption (in litres of pure alcohol) (SDG Indicator 3.5.2)",text,AMR,Americas,Country,NIC,Nicaragua,Year,2019,true,Sex,Both sexes,BTSX,,,,,,,,,,5.07,,,4.03,,6.13,5.07 [4.03 – 6.13],,,EN,2021-09-19T17:00:00.000Z
SA_0000001688,"Alcohol, total per capita (15+) consumption (in litres of pure alcohol) (SDG Indicator 3.5.2)",text,AFR,Africa,Country,LSO,Lesotho,Year,2019,true,Sex,Both sexes,BTSX,,,,,,,,,,5.08,,,3.96,,6.22,5.08 [3.96 – 6.22],,,EN,2021-09-19T17:00:00.000Z
SA_0000001688,"Alcohol, total per capita (15+) consumption (in litres of pure alcohol) (SDG Indicator 3.5.2)",text,AFR,Africa,Country,SLE,Sierra Leone,Year,2019,true,Sex,Both sexes,BTSX,,,,,,,,,,5.31,,,3.99,,6.68,5.31 [3.99 – 6.68],,,EN,2021-09-19T17:00:00.000Z
SA_0000001688,"Alcohol, total per capita (15+) consumption (in litres of pure alcohol) (SDG Indicator 3.5.2)",text,AMR,Americas,Country,GUY,Guyana,Year,2019,true,Sex,Both sexes,BTSX,,,,,,,,,,5.33,,,4.53,,6.17,5.33 [4.53 – 6.17],,,EN,2021-09-19T17:00:00.000Z
SA_0000001688,"Alcohol, total per capita (15+) consumption (in litres of pure alcohol) (SDG Indicator 3.5.2)",text,AFR,Africa,Country,LBR,Liberia,Year,2019,true,Sex,Both sexes,BTSX,,,,,,,,,,5.37,,,4.07,,6.74,5.37 [4.07 – 6.74],,,EN,2021-09-19T17:00:00.000Z
SA_0000001688,"Alcohol, total per capita (15+) consumption (in litres of pure alcohol) (SDG Indicator 3.5.2)",text,AMR,Americas,Country,COL,Colombia,Year,2019,true,Sex,Both sexes,BTSX,,,,,,,,,,5.45,,,4.36,,6.61,5.45 [4.36 – 6.61],,,EN,2021-09-19T17:00:00.000Z
SA_0000001688,"Alcohol, total per capita (15+) consumption (in litres of pure alcohol) (SDG Indicator 3.5.2)",text,AFR,Africa,Country,CMR,Cameroon,Year,2019,true,Sex,Both sexes,BTSX,,,,,,,,,,5.52,,,4.44,,6.68,5.52 [4.44 – 6.68],,,EN,2021-09-19T17:00:00.000Z
SA_0000001688,"Alcohol, total per capita (15+) consumption (in litres of pure alcohol) (SDG Indicator 3.5.2)",text,AFR,Africa,Country,GNB,Guinea-Bissau,Year,2019,true,Sex,Both sexes,BTSX,,,,,,,,,,5.54,,,4.29,,6.84,5.54 [4.29 – 6.84],,,EN,2021-09-19T17:00:00.000Z
SA_0000001688,"Alcohol, total per capita (15+) consumption (in litres of pure alcohol) (SDG Indicator 3.5.2)",text,SEAR,South-East Asia,Country,IND,India,Year,2019,true,Sex,Both sexes,BTSX,,,,,,,,,,5.61,,,4.19,,7.11,5.61 [4.19 – 7.11],,,EN,2021-09-19T17:00:00.000Z
SA_0000001688,"Alcohol, total per capita (15+) consumption (in litres of pure alcohol) (SDG Indicator 3.5.2)",text,AFR,Africa,Country,STP,Sao Tome and Principe,Year,2019,true,Sex,Both sexes,BTSX,,,,,,,,,,5.8,,,4.59,,7.06,5.8 [4.59 – 7.06],,,EN,2021-09-19T17:00:00.000Z
SA_0000001688,"Alcohol, total per capita (15+) consumption (in litres of pure alcohol) (SDG Indicator 3.5.2)",text,WPR,Western Pacific,Country,MNG,Mongolia,Year,2019,true,Sex,Both sexes,BTSX,,,,,,,,,,5.9,,,5.12,,6.72,5.9 [5.12 – 6.72],,,EN,2021-09-19T17:00:00.000Z
SA_0000001688,"Alcohol, total per capita (15+) consumption (in litres of pure alcohol) (SDG Indicator 3.5.2)",text,WPR,Western Pacific,Country,CHN,China,Year,2019,true,Sex,Both sexes,BTSX,,,,,,,,,,6.04,,,4.93,,7.32,6.04 [4.93 – 7.32],,,EN,2021-09-19T17:00:00.000Z
SA_0000001688,"Alcohol, total per capita (15+) consumption (in litres of pure alcohol) (SDG Indicator 3.5.2)",text,AFR,Africa,Country,NGA,Nigeria,Year,2019,true,Sex,Both sexes,BTSX,,,,,,,,,,6.19,,,5.01,,7.48,6.19 [5.01 – 7.48],,,EN,2021-09-19T17:00:00.000Z
SA_0000001688,"Alcohol, total per capita (15+) consumption (in litres of pure alcohol) (SDG Indicator 3.5.2)",text,AMR,Americas,Country,CUB,Cuba,Year,2019,true,Sex,Both sexes,BTSX,,,,,,,,,,6.26,,,5.15,,7.48,6.26 [5.15 – 7.48],,,EN,2021-09-19T17:00:00.000Z
SA_0000001688,"Alcohol, total per capita (15+) consumption (in litres of pure alcohol) (SDG Indicator 3.5.2)",text,AMR,Americas,Country,KNA,Saint Kitts and Nevis,Year,2019,true,Sex,Both sexes,BTSX,,,,,,,,,,6.34,,,4.85,,7.98,6.34 [4.85 – 7.98],,,EN,2021-09-19T17:00:00.000Z
SA_0000001688,"Alcohol, total per capita (15+) consumption (in litres of pure alcohol) (SDG Indicator 3.5.2)",text,AMR,Americas,Country,BLZ,Belize,Year,2019,true,Sex,Both sexes,BTSX,,,,,,,,,,6.37,,,5.01,,7.79,6.37 [5.01 – 7.79],,,EN,2021-09-19T17:00:00.000Z
SA_0000001688,"Alcohol, total per capita (15+) consumption (in litres of pure alcohol) (SDG Indicator 3.5.2)",text,AFR,Africa,Country,CPV,Cabo Verde,Year,2019,true,Sex,Both sexes,BTSX,,,,,,,,,,6.4,,,5.25,,7.6,6.4 [5.25 – 7.6],,,EN,2021-09-19T17:00:00.000Z
SA_0000001688,"Alcohol, total per capita (15+) consumption (in litres of pure alcohol) (SDG Indicator 3.5.2)",text,EUR,Europe,Country,MKD,The former Yugoslav Republic of Macedonia,Year,2019,true,Sex,Both sexes,BTSX,,,,,,,,,,6.43,,,5.05,,7.95,6.43 [5.05 – 7.95],,,EN,2021-09-19T17:00:00.000Z
SA_0000001688,"Alcohol, total per capita (15+) consumption (in litres of pure alcohol) (SDG Indicator 3.5.2)",text,AMR,Americas,Country,TTO,Trinidad and Tobago,Year,2019,true,Sex,Both sexes,BTSX,,,,,,,,,,6.52,,,5.48,,7.68,6.52 [5.48 – 7.68],,,EN,2021-09-19T17:00:00.000Z
SA_0000001688,"Alcohol, total per capita (15+) consumption (in litres of pure alcohol) (SDG Indicator 3.5.2)",text,AFR,Africa,Country,BWA,Botswana,Year,2019,true,Sex,Both sexes,BTSX,,,,,,,,,,6.61,,,5.64,,7.64,6.61 [5.64 – 7.64],,,EN,2021-09-19T17:00:00.000Z
SA_0000001688,"Alcohol, total per capita (15+) consumption (in litres of pure alcohol) (SDG Indicator 3.5.2)",text,AMR,Americas,Country,DOM,Dominican Republic,Year,2019,true,Sex,Both sexes,BTSX,,,,,,,,,,6.68,,,5.53,,8,6.68 [5.53 – 8],,,EN,2021-09-19T17:00:00.000Z
SA_0000001688,"Alcohol, total per capita (15+) consumption (in litres of pure alcohol) (SDG Indicator 3.5.2)",text,AMR,Americas,Country,PER,Peru,Year,2019,true,Sex,Both sexes,BTSX,,,,,,,,,,6.78,,,5.73,,8.02,6.78 [5.73 – 8.02],,,EN,2021-09-19T17:00:00.000Z
SA_0000001688,"Alcohol, total per capita (15+) consumption (in litres of pure alcohol) (SDG Indicator 3.5.2)",text,EUR,Europe,Country,ALB,Albania,Year,2019,true,Sex,Both sexes,BTSX,,,,,,,,,,6.82,,,5.48,,8.1,6.82 [5.48 – 8.1],,,EN,2021-09-19T17:00:00.000Z
SA_0000001688,"Alcohol, total per capita (15+) consumption (in litres of pure alcohol) (SDG Indicator 3.5.2)",text,AMR,Americas,Country,URY,Uruguay,Year,2019,true,Sex,Both sexes,BTSX,,,,,,,,,,6.92,,,5.76,,8.13,6.92 [5.76 – 8.13],,,EN,2021-09-19T17:00:00.000Z
SA_0000001688,"Alcohol, total per capita (15+) consumption (in litres of pure alcohol) (SDG Indicator 3.5.2)",text,AFR,Africa,Country,GNQ,Equatorial Guinea,Year,2019,true,Sex,Both sexes,BTSX,,,,,,,,,,6.92,,,5.81,,8.07,6.92 [5.81 – 8.07],,,EN,2021-09-19T17:00:00.000Z
SA_0000001688,"Alcohol, total per capita (15+) consumption (in litres of pure alcohol) (SDG Indicator 3.5.2)",text,AMR,Americas,Country,PRY,Paraguay,Year,2019,true,Sex,Both sexes,BTSX,,,,,,,,,,7.01,,,5.78,,8.37,7.01 [5.78 – 8.37],,,EN,2021-09-19T17:00:00.000Z
SA_0000001688,"Alcohol, total per capita (15+) consumption (in litres of pure alcohol) (SDG Indicator 3.5.2)",text,WPR,Western Pacific,Country,PHL,Philippines,Year,2019,true,Sex,Both sexes,BTSX,,,,,,,,,,7.02,,,5.61,,8.42,7.02 [5.61 – 8.42],,,EN,2021-09-19T17:00:00.000Z
SA_0000001688,"Alcohol, total per capita (15+) consumption (in litres of pure alcohol) (SDG Indicator 3.5.2)",text,EUR,Europe,Country,NOR,Norway,Year,2019,true,Sex,Both sexes,BTSX,,,,,,,,,,7.14,,,6.13,,8.26,7.14 [6.13 – 8.26],,,EN,2021-09-19T17:00:00.000Z
SA_0000001688,"Alcohol, total per capita (15+) consumption (in litres of pure alcohol) (SDG Indicator 3.5.2)",text,AMR,Americas,Country,VCT,Saint Vincent and the Grenadines,Year,2019,true,Sex,Both sexes,BTSX,,,,,,,,,,7.15,,,5.96,,8.42,7.15 [5.96 – 8.42],,,EN,2021-09-19T17:00:00.000Z
SA_0000001688,"Alcohol, total per capita (15+) consumption (in litres of pure alcohol) (SDG Indicator 3.5.2)",text,AMR,Americas,Country,DMA,Dominica,Year,2019,true,Sex,Both sexes,BTSX,,,,,,,,,,7.23,,,5.74,,8.64,7.23 [5.74 – 8.64],,,EN,2021-09-19T17:00:00.000Z
SA_0000001688,"Alcohol, total per capita (15+) consumption (in litres of pure alcohol) (SDG Indicator 3.5.2)",text,AMR,Americas,Country,BRA,Brazil,Year,2019,true,Sex,Both sexes,BTSX,,,,,,,,,,7.32,,,6.03,,8.63,7.32 [6.03 – 8.63],,,EN,2021-09-19T17:00:00.000Z
SA_0000001688,"Alcohol, total per capita (15+) consumption (in litres of pure alcohol) (SDG Indicator 3.5.2)",text,AMR,Americas,Country,SUR,Suriname,Year,2019,true,Sex,Both sexes,BTSX,,,,,,,,,,7.4,,,6.05,,8.72,7.4 [6.05 – 8.72],,,EN,2021-09-19T17:00:00.000Z
SA_0000001688,"Alcohol, total per capita (15+) consumption (in litres of pure alcohol) (SDG Indicator 3.5.2)",text,AFR,Africa,Country,BDI,Burundi,Year,2019,true,Sex,Both sexes,BTSX,,,,,,,,,,7.45,,,5.83,,9.04,7.45 [5.83 – 9.04],,,EN,2021-09-19T17:00:00.000Z
SA_0000001688,"Alcohol, total per capita (15+) consumption (in litres of pure alcohol) (SDG Indicator 3.5.2)",text,AMR,Americas,Country,PAN,Panama,Year,2019,true,Sex,Both sexes,BTSX,,,,,,,,,,7.77,,,6.24,,9.14,7.77 [6.24 – 9.14],,,EN,2021-09-19T17:00:00.000Z
SA_0000001688,"Alcohol, total per capita (15+) consumption (in litres of pure alcohol) (SDG Indicator 3.5.2)",text,EUR,Europe,Country,BIH,Bosnia and Herzegovina,Year,2019,true,Sex,Both sexes,BTSX,,,,,,,,,,7.81,,,6.37,,9.31,7.81 [6.37 – 9.31],,,EN,2021-09-19T17:00:00.000Z
SA_0000001688,"Alcohol, total per capita (15+) consumption (in litres of pure alcohol) (SDG Indicator 3.5.2)",text,AFR,Africa,Country,AGO,Angola,Year,2019,true,Sex,Both sexes,BTSX,,,,,,,,,,7.83,,,6.52,,9.34,7.83 [6.52 – 9.34],,,EN,2021-09-19T17:00:00.000Z
SA_0000001688,"Alcohol, total per capita (15+) consumption (in litres of pure alcohol) (SDG Indicator 3.5.2)",text,WPR,Western Pacific,Country,KHM,Cambodia,Year,2019,true,Sex,Both sexes,BTSX,,,,,,,,,,7.84,,,6.16,,9.7,7.84 [6.16 – 9.7],,,EN,2021-09-19T17:00:00.000Z
SA_0000001688,"Alcohol, total per capita (15+) consumption (in litres of pure alcohol) (SDG Indicator 3.5.2)",text,WPR,Western Pacific,Country,VNM,Viet Nam,Year,2019,true,Sex,Both sexes,BTSX,,,,,,,,,,7.93,,,6.08,,9.68,7.93 [6.08 – 9.68],,,EN,2021-09-19T17:00:00.000Z
SA_0000001688,"Alcohol, total per capita (15+) consumption (in litres of pure alcohol) (SDG Indicator 3.5.2)",text,AFR,Africa,Country,RWA,Rwanda,Year,2019,true,Sex,Both sexes,BTSX,,,,,,,,,,7.96,,,6.43,,9.72,7.96 [6.43 – 9.72],,,EN,2021-09-19T17:00:00.000Z
SA_0000001688,"Alcohol, total per capita (15+) consumption (in litres of pure alcohol) (SDG Indicator 3.5.2)",text,EUR,Europe,Country,ITA,Italy,Year,2019,true,Sex,Both sexes,BTSX,,,,,,,,,,8.01,,,6.78,,9.42,8.01 [6.78 – 9.42],,,EN,2021-09-19T17:00:00.000Z
SA_0000001688,"Alcohol, total per capita (15+) consumption (in litres of pure alcohol) (SDG Indicator 3.5.2)",text,AFR,Africa,Country,GAB,Gabon,Year,2019,true,Sex,Both sexes,BTSX,,,,,,,,,,8.08,,,6.66,,9.48,8.08 [6.66 – 9.48],,,EN,2021-09-19T17:00:00.000Z
SA_0000001688,"Alcohol, total per capita (15+) consumption (in litres of pure alcohol) (SDG Indicator 3.5.2)",text,EUR,Europe,Country,MLT,Malta,Year,2019,true,Sex,Both sexes,BTSX,,,,,,,,,,8.27,,,6.92,,9.74,8.27 [6.92 – 9.74],,,EN,2021-09-19T17:00:00.000Z
SA_0000001688,"Alcohol, total per capita (15+) consumption (in litres of pure alcohol) (SDG Indicator 3.5.2)",text,EUR,Europe,Country,UKR,Ukraine,Year,2019,true,Sex,Both sexes,BTSX,,,,,,,,,,8.34,,,6.7,,9.84,8.34 [6.7 – 9.84],,,EN,2021-09-19T17:00:00.000Z
SA_0000001688,"Alcohol, total per capita (15+) consumption (in litres of pure alcohol) (SDG Indicator 3.5.2)",text,WPR,Western Pacific,Country,KOR,Republic of Korea,Year,2019,true,Sex,Both sexes,BTSX,,,,,,,,,,8.45,,,7.03,,9.96,8.45 [7.03 – 9.96],,,EN,2021-09-19T17:00:00.000Z
SA_0000001688,"Alcohol, total per capita (15+) consumption (in litres of pure alcohol) (SDG Indicator 3.5.2)",text,SEAR,South-East Asia,Country,THA,Thailand,Year,2019,true,Sex,Both sexes,BTSX,,,,,,,,,,8.5,,,7.04,,10.19,8.5 [7.04 – 10.19],,,EN,2021-09-19T17:00:00.000Z
SA_0000001688,"Alcohol, total per capita (15+) consumption (in litres of pure alcohol) (SDG Indicator 3.5.2)",text,EUR,Europe,Country,HRV,Croatia,Year,2019,true,Sex,Both sexes,BTSX,,,,,,,,,,8.73,,,7.24,,11.01,8.73 [7.24 – 11.01],,,EN,2021-09-19T17:00:00.000Z
SA_0000001688,"Alcohol, total per capita (15+) consumption (in litres of pure alcohol) (SDG Indicator 3.5.2)",text,AFR,Africa,Country,SWZ,Eswatini,Year,2019,true,Sex,Both sexes,BTSX,,,,,,,,,,8.78,,,7.38,,10.37,8.78 [7.38 – 10.37],,,EN,2021-09-19T17:00:00.000Z
SA_0000001688,"Alcohol, total per capita (15+) consumption (in litres of pure alcohol) (SDG Indicator 3.5.2)",text,AMR,Americas,Country,CAN,Canada,Year,2019,true,Sex,Both sexes,BTSX,,,,,,,,,,8.81,,,7.6,,10.07,8.81 [7.6 – 10.07],,,EN,2021-09-19T17:00:00.000Z
SA_0000001688,"Alcohol, total per capita (15+) consumption (in litres of pure alcohol) (SDG Indicator 3.5.2)",text,AFR,Africa,Country,SYC,Seychelles,Year,2019,true,Sex,Both sexes,BTSX,,,,,,,,,,8.84,,,7.22,,10.46,8.84 [7.22 – 10.46],,,EN,2021-09-19T17:00:00.000Z
SA_0000001688,"Alcohol, total per capita (15+) consumption (in litres of pure alcohol) (SDG Indicator 3.5.2)",text,EUR,Europe,Country,SRB,Serbia,Year,2019,true,Sex,Both sexes,BTSX,,,,,,,,,,8.85,,,7.51,,10.15,8.85 [7.51 – 10.15],,,EN,2021-09-19T17:00:00.000Z
SA_0000001688,"Alcohol, total per capita (15+) consumption (in litres of pure alcohol) (SDG Indicator 3.5.2)",text,AMR,Americas,Country,CHL,Chile,Year,2019,true,Sex,Both sexes,BTSX,,,,,,,,,,8.95,,,7.69,,10.3,8.95 [7.69 – 10.3],,,EN,2021-09-19T17:00:00.000Z
SA_0000001688,"Alcohol, total per capita (15+) consumption (in litres of pure alcohol) (SDG Indicator 3.5.2)",text,AMR,Americas,Country,GRD,Grenada,Year,2019,true,Sex,Both sexes,BTSX,,,,,,,,,,8.96,,,7.31,,10.58,8.96 [7.31 – 10.58],,,EN,2021-09-19T17:00:00.000Z
SA_0000001688,"Alcohol, total per capita (15+) consumption (in litres of pure alcohol) (SDG Indicator 3.5.2)",text,EUR,Europe,Country,SWE,Sweden,Year,2019,true,Sex,Both sexes,BTSX,,,,,,,,,,9.04,,,7.61,,10.51,9.04 [7.61 – 10.51],,,EN,2021-09-19T17:00:00.000Z
SA_0000001688,"Alcohol, total per capita (15+) consumption (in litres of pure alcohol) (SDG Indicator 3.5.2)",text,AFR,Africa,Country,COG,Congo,Year,2019,true,Sex,Both sexes,BTSX,,,,,,,,,,9.21,,,7.24,,10.98,9.21 [7.24 – 10.98],,,EN,2021-09-19T17:00:00.000Z
SA_0000001688,"Alcohol, total per capita (15+) consumption (in litres of pure alcohol) (SDG Indicator 3.5.2)",text,EUR,Europe,Country,ISL,Iceland,Year,2019,true,Sex,Both sexes,BTSX,,,,,,,,,,9.21,,,7.66,,10.89,9.21 [7.66 – 10.89],,,EN,2021-09-19T17:00:00.000Z
SA_0000001688,"Alcohol, total per capita (15+) consumption (in litres of pure alcohol) (SDG Indicator 3.5.2)",text,AMR,Americas,Country,ATG,Antigua and Barbuda,Year,2019,true,Sex,Both sexes,BTSX,,,,,,,,,,9.4,,,7.36,,11.32,9.4 [7.36 – 11.32],,,EN,2021-09-19T17:00:00.000Z
SA_0000001688,"Alcohol, total per capita (15+) consumption (in litres of pure alcohol) (SDG Indicator 3.5.2)",text,AFR,Africa,Country,ZAF,South Africa,Year,2019,true,Sex,Both sexes,BTSX,,,,,,,,,,9.45,,,7.86,,11.08,9.45 [7.86 – 11.08],,,EN,2021-09-19T17:00:00.000Z
SA_0000001688,"Alcohol, total per capita (15+) consumption (in litres of pure alcohol) (SDG Indicator 3.5.2)",text,AMR,Americas,Country,ARG,Argentina,Year,2019,true,Sex,Both sexes,BTSX,,,,,,,,,,9.45,,,8.04,,10.97,9.45 [8.04 – 10.97],,,EN,2021-09-19T17:00:00.000Z
SA_0000001688,"Alcohol, total per capita (15+) consumption (in litres of pure alcohol) (SDG Indicator 3.5.2)",text,EUR,Europe,Country,GEO,Georgia,Year,2019,true,Sex,Both sexes,BTSX,,,,,,,,,,9.47,,,7.94,,10.96,9.47 [7.94 – 10.96],,,EN,2021-09-19T17:00:00.000Z
SA_0000001688,"Alcohol, total per capita (15+) consumption (in litres of pure alcohol) (SDG Indicator 3.5.2)",text,AMR,Americas,Country,LCA,Saint Lucia,Year,2019,true,Sex,Both sexes,BTSX,,,,,,,,,,9.59,,,7.85,,11.21,9.59 [7.85 – 11.21],,,EN,2021-09-19T17:00:00.000Z
SA_0000001688,"Alcohol, total per capita (15+) consumption (in litres of pure alcohol) (SDG Indicator 3.5.2)",text,EUR,Europe,Country,NLD,Netherlands,Year,2019,true,Sex,Both sexes,BTSX,,,,,,,,,,9.67,,,8.37,,11.18,9.67 [8.37 – 11.18],,,EN,2021-09-19T17:00:00.000Z
SA_0000001688,"Alcohol, total per capita (15+) consumption (in litres of pure alcohol) (SDG Indicator 3.5.2)",text,WPR,Western Pacific,Country,NIU,Niue,Year,2019,true,Sex,Both sexes,BTSX,,,,,,,,,,9.93,,,8.46,,11.51,9.93 [8.46 – 11.51],,,EN,2021-09-19T17:00:00.000Z
SA_0000001688,"Alcohol, total per capita (15+) consumption (in litres of pure alcohol) (SDG Indicator 3.5.2)",text,AMR,Americas,Country,USA,United States of America,Year,2019,true,Sex,Both sexes,BTSX,,,,,,,,,,9.97,,,8.7,,11.41,9.97 [8.7 – 11.41],,,EN,2021-09-19T17:00:00.000Z
